Word,Frequency
Recipe,1
of,11
the,55
Day,2
Collard,1
Greens,1
ğŸ¥¬,1
Click,6
link,12
in,21
our,10
bio,9
to,32
get,7
recipe,7
Totally,1
cool,1
with,12
eating,2
an,2
apple,1
a,24
day,3
as,4
long,1
there's,1
cheesecake,1
stuffed,1
insideÂ ğŸğŸ‘…Get,1
Inspired,1
By,1
Rainbow,1
Cookies,1
Cake,1
ğŸŒˆThe,1
week,2
just,3
got,1
brighter,1
BakedByDan's,1
incredible,1
rainbow,1
creation,1
inspired,1
by,5
Gumdrop,1
Mountains,1
âœ¨Don't,1
miss,2
premiere,2
Sunday,1
at,7
c,3
It's,2
did,1
you,8
make,3
wish,1
Well,1
it,4
came,1
true,1
this,14
SCALLOPED,1
POTATO,1
BUNDT,1
ğŸ’«,1
Beef,4
and,20
Broccoli,2
jettilaLearn,1
secrets,1
making,7
perfect,1
home,5
jettila,1
ğŸ¥¦ğŸ¥¦#TheKitchen,1
Saturdays,1
acGet,1
httpsfoodtvcomIWsNb,1
Head,3
IGTV,3
clickable,3
Comfort,2
Food,2
Feud,2
kicks,2
off,3
tonight,1
battle,1
bacon,1
TheTedAllen,1
is,10
joined,1
judges,1
ManeetChauhan,1
SantosCooks,1
&,5
TiffaniFaison,1
when,1
competition,1
NEXT,1
How,3
Make,1
giadadelaurentiis',1
Cherry,1
Cranberry,1
Cobblergiadadelaurentiis,1
adds,1
polenta,1
her,1
cobbler,1
crust,1
for,14
some,3
extra,1
crunch,1
We're,1
one,2
ASAP,1
Get,1
httpsfoodtvcompbyKu,1
DeepFried,1
FailsThere's,1
fight,1
fryer,2
we,2
relive,1
biggest,1
deepfried,1
fails,1
kitchenDon't,1
TONIGHT,1
These,1
TwiceBaked,1
Maple,1
Bacon,1
Sweet,1
Potatoes,1
are,5
about,3
give,1
your,2
usual,1
Thanksgiving,2
sides,1
run,1
their,3
MONEY,1
â â Click,1
trishayearwood's,1
Apple,1
Pie,1
Puff,1
Pastry,1
Turkey,1
ğŸ¦ƒTwisting,1
puff,1
pastry,1
turkey,1
feathers,1
might,1
be,2
mostgenius,1
idea,1
yet,1
ğŸ¦ƒ,1
httpsfoodtvcomexNun,1
That,2
Cheese,3
Skirt,2
though,2
ğŸ¥,2
erennkurt,2
Vegan,2
Pepsi,2
Pulled,2
Pork,2
Sandwiches,2
ğŸ“¸,8
fitwaffle,4
Is,2
most,4
beautiful,2
burger,2
youâ€™ve,2
ever,2
seen,2
dennistheprescott,2
Who,4
else,2
needs,2
slider,2
stack,2
thatsthatfuego,2
Burger,2
or,6
Fried,2
Chicken,4
Who's,2
taking,2
W,2
Creme,4
Egg,2
Cheesecake,2
Ingredients,2
List,2
ğŸ‘‡,4
Cream,2
cheese,4
g,4
Vanilla,2
essence,2
teaspoon,2
Icing,2
sugar,2
Eggs,2
roughly,2
Whipped,2
cream,4
ml,2
Crushed,2
biscuit,2
base,2
Orange,2
icing,2
Chocolate,2
sauce,6
White,2
chocolate,2
parm,2
pizza,2
ğŸ¤”,2
Steak,2
filled,4
tortilla,2
bowl,2
served,3
w,2
rice,2
mixed,2
vegetables,2
topped,2
bÃ©arnaise,2
Tag,2
someone,2
whoâ€™d,2
love,3
Giant,2
peanut,2
butter,2
Reeseâ€™s,2
cup,2
cookie,2
dough,2
skillet,2
ğŸª,2
DESSERT,1
PIZZA,1
Eat,1
pass,1
â£â£ğŸ“¹,1
icynspicymiami,1
tiktok,1
Wait,1
end,1
â£ğŸƒ,1
HALLOWEEN,2
ğŸ‘»lisahochstein,1
lennyhochstein,1
ğŸ‘»,1
HAPPY,1
ğŸƒ,1
Which,1
favorite,1
Halloween,1
look,1
I,4
donâ€™t,1
think,1
anything,1
will,2
beat,1
Sonny,1
Cher,1
BUT,1
comes,1
Close,1
Joe,1
Exotic,1
Carol,1
Baskin,1
MY,1
tigers,1
ğŸ…,1
KIMHappy,1
Birthday,1
awesome,1
amazing,1
best,5
friend,2
anyone,1
could,2
ask,1
hope,1
know,1
how,3
much,3
appreciate,1
am,1
so,2
happy,1
have,5
been,3
able,1
spend,1
countless,1
times,1
laughing,1
growing,1
You,1
grown,1
into,2
legend,1
Youâ€™re,2
not,1
my,1
Period,1
Love,1
Foodgod,2
stop,1
calling,1
me,1
Jonathan,1
Truffle,1
Ketchup,1
all,2
over,2
wendyshow,1
Caption,1
Pasta,1
ğŸ,1
cooked,1
foil,1
cognac,1
Yummy,2
Crumby,2
pvristorante,1
Holy,1
Smoke,1
ğŸ’¨cookies,1
French,2
Onion,1
Soup,1
Dumplings,1
brooklynchophousekseniasenn,1
St,1
Viateur,1
Makes,1
Its,1
Iconic,1
MontrealStyle,1
Bagelsstviateurbagel,1
iconic,1
bagel,1
shop,1
that,4
has,1
around,2
since,1
The,3
Montrealstyle,1
bagels,1
made,2
hours,1
seven,1
days,1
Editorâ€™s,1
Note,1
This,1
was,2
filmed,1
February,1
Featuring,2
rinnny_#bagels,1
Chipotle,3
opening,1
its,2
first,2
dark,1
kitchen,2
Saturday,1
digitalonly,1
restaurant,2
won't,1
dining,1
room,1
collection,1
delivery,4
only,2
Customers,1
can,3
collect,1
order,2
from,6
lobby,1
says,1
sounds,1
smells,1
views,1
traditional,2
find,1
out,1
more,8
new,1
restaurantCredit,1
Reuters#chipotle,1
Icelandic,1
Skyr,1
Yogurt,1
madeWith,1
thick,1
creamy,1
texture,1
may,1
easily,2
mistake,1
skyr,3
yogurt,1
In,1
reality,1
pasteurised,1
skimmed,1
milk,2
no,1
ÃorgrÃ­mur,1
Einar,1
GuÃ°bjartsson,1
ErpsstaÃ°ir,1
Creamery,1
Budardalur,1
Iceland,1
takes,1
us,1
through,1
process,1
special,1
His,1
creamery,1
devoted,1
ice,1
but,1
he,1
later,1
started,1
leftover,1
fun,1
way,2
preserve,1
itFor,1
visit,2
httpswwwfacebookcomrjomabuid,1
McDonald's,1
announced,1
on,7
Monday,2
developing,1
McPlant,1
plantbased,2
lineup,1
which,2
eventually,1
include,1
burgers,1
chicken,1
other,1
menu,3
items,1
After,1
news,1
Beyond,2
Meat,2
cocreated,1
patty,1
broke,1
afternoon,1
meat,1
maker's,1
shares,1
shot,1
up,4
see,3
collaborationCredit,1
McDonald's#mcdonalds,1
MeatFilled,1
Middle,2
Eastern,2
Monti,1
Handmade,1
At,1
LA's,1
Monta,2
Factorymontafactory,1
Los,1
Angeles,1
owned,1
Egiazaryan,1
family,2
Grant,1
Evelina,1
Francine,1
Sarkes,1
They,1
prepping,1
handmade,1
monta,1
decade,1
monti,1
found,2
various,1
restaurants,2
makes,1
based,1
Armenian,1
roots,1
recipes,1
montafactory_glendale,1
Produced,1
carolinemishelle,1
joeavella,1
Insider,1
compiled,1
photos,1
pantries,1
cabinets,1
refrigerators,1
food,2
bloggers,1
organization,1
experts,1
tips,1
tidy,1
spaces,1
houseCreditinside_,1
Instagram;,4
Holly,1
BlakeyBreathing,1
Room,1
Organization,1
phliadelphianeat,1
thrivingonplanets,1
luciebfink,1
Instagram#pantryorganization,1
Democrats,1
favored,1
wine,1
while,1
swing,1
states,2
preferred,1
liquor,1
according,1
service,3
Alcohol,1
orders,1
ondemand,1
Drizly,1
soared,1
%,3
Democrat,1
Republican,1
statesSales,1
cannabis,1
Eaze,1
rose,1
California,1
Election,1
compared,1
previous,1
Tuesday,1
read,1
moreCredit,1
Getty,1
Images#pizza,1
Popular,1
FastFood,1
Restaurants,1
Every,1
State,2
FavoritesWe,1
list,2
popular,1
fastfood,1
every,1
state,1
US,1
including,1
large,1
chains,1
like,2
InNOut,1
local,1
favorites,1
Olneyville,1
New,2
York,1
System#fastfood,1
Advent,2
calendars,2
great,1
holiday,1
spirit,1
each,1
leading,1
Christmas,1
exciting,1
From,1
chocolatefilled,1
calendar,1
adult,1
whiskey,1
tasting,1
we've,1
suit,1
any,1
taste,1
full,1
Story,1
Jen,1
Gushue,1
Credit,1
Anthropologie,1
Williams,1
Sonoma,1
Vinebox,1
NetAPorter,1
CafÃ©,3
du,3
Mondeâ€™s,1
Beignet,1
Legendary,1
EatsIn,1
Orleans,1
many,1
people,1
grow,1
beignets,2
And,1
if,1
they,1
aren't,1
enjoying,1
them,1
they're,1
likely,1
heading,1
Monde,2
Quarter,1
fresh,1
plate,1
hot,1
cafÃ©,1
indisputable,1
source,1
NOLA's,1
famous,1
after,1
than,1
century,1
remains,1
item,1
tarynveeFor,1
httpsshopcafedumondecom,1
